estrofes,emocao
minut fog demor,felicidade
cidad modern diz ceg filh olhos chei terr bond trilh,felicidade
aventur comec coraçã navi pens filh cal pens filh ouv cidad modern,felicidade
lev esperanc aér esperanc aér pes pes,felicidade
levez pass crêacredit forc equilibri gravidad exist,felicidade
ceg enxerg pass amor tard,felicidade
terr vian ruas estreit navi part pedr fic,felicidade
terr vest cor folh ros branc sai perr vermelhinh areos,felicidade
gent quant gent excelent funeral fic pret cabel natural,felicidade
eminent triplic capital sobr gent viu viv donat obras hospital,felicidade
plági divert uniã fiz inspir,felicidade
min toc bot fit vir sapat precis corr prac rol amanhec vou aguard beb gel vou volt pra cas madrug,felicidade
vaness sab revir cabec,felicidade
ligu maneir lig afim lev pra namor demor beijinh rost pro,felicidade
gent pra gent gent papel pass fest bol brigadeir gent cant sosseg gent cant sosseg,felicidade
adrian clar mand beij pra cois cab encart cds dou pul port alegr silv jardim,felicidade
pens casament cas rapaz direit escolh menin bonit,felicidade
traz peit sant rosári rosári pen rosári vid libert paz quilomb negr branc vermelh sang,felicidade
lev beij peg agarr deix viv mund,felicidade
mostr encost paz guard,felicidade
porr saqu jog brilhant ganh insistent bandeir salt mort demênc mod flech feit flech ceg,felicidade
vou errad jur vam conhec fic escur promet cuid,felicidade
vou nenhum diss peg mã diss normal ped,felicidade
desc serr ceg cerraçã salv imag imagin bailarin asfalt faz curv patins,felicidade
chanc mund salv exist revanch chanc ganh,felicidade
pássar anjos harmon traz rouxinó,felicidade
céu estrel prefer luz ilumin vid quis revel amor feliz,felicidade
fech olhos sonh céu infern paz sang escorr chã exist cadáv enterr caixã,felicidade
telefon saud diz sent troux soluçã coraçã esquec,felicidade
paixã acredit prescrit acredit lev sofr felic volt pra mim,felicidade
luz olhar mar,felicidade
amor quis,felicidade
juntinh coraçã viv solidã,felicidade
preocup geraçã ruins,felicidade
mã estrel complic fácil entend,felicidade
vam danc luz madrug inspir pra viv,felicidade
brasil lind     descobr brasil lind     descobr,felicidade
caravel mar vel vent,felicidade
luz fascin sol dorm lua ilumin som comov resolv belez purez envolv,felicidade
compr cordãoqu agrid panod grifemansãod elitepr limit,felicidade
diss acredit ped acredit deix acredit grêmi campeã amér port alegr,felicidade
gost form tom toqu cristal vidr poem febr metal,felicidade
vou vest uniform jogador dorm campeã rua invad quadr desafi tim escolh errou corag assist tim gigant invad,felicidade
gost cachorr vagabund anda sozinh mund coleir patrã gost cachorr sarjet escut cornet sai batalhã,felicidade
superfíc plan retangul entro quadr jog séri entro pra ganh pens vitór pis gram energ vitori punh inflam,felicidade
vou sac forc incendiár vou quebr servic gam adversár quadr divid pra mim jog vid bat forc forc rebat,felicidade
menin beij cont der tom cervej escond cinem fit proib,felicidade
vou defend quadr vou pro ataqu pressã raquet part acirr foc confront comemor concentr,felicidade
lanc set eficient estand embaix sol quent particip jog sério,felicidade
descobr brasil coraçã descobr brasil naçã melhor pra viv cabral descobri,felicidade
vou lut defend cinturã vou pra guard alta trocaçã pressã sufoc desafi acredit mim deix confiant,felicidade
pes pes categor luv pret pedr represent atropel mostr apert mã adversári pra mostr ferplay,felicidade
menin bonit mar menin bonit mar vou cas lind amor fund mar,felicidade
sol rai fúlg céu pur anil ergu vult atlét gest varonil amér sul filh gentil ostent intrép colossal brasil,felicidade
don voz don don,felicidade
remot batuc cadênc marc baian andar requebr maneir grac palmeir esgu altaneir balanc,felicidade
coloc mã profund corp arranc macumb glór jesus crist,felicidade
sint declar,felicidade
sig trop vid desc impulsion pra voar alto sub capacet proteçã chanc precis novent sessã,felicidade
sonh campeã corp ral fratur remend cur pront pra missã desafi exist corrimã batalhã,felicidade
cheg vest camis motiv divis torc vibr fris repris imortaliz gol,felicidade
manhã levant brios tear hermíni encant vest namor,felicidade
cheg ribeir cheg ligadã sorr beij chã,felicidade
cheg feir guitarr wah wah sorr rez pra comec,felicidade
vers resgat cérebr imers ruim sociedad dispers rim ric elabor submers bat bas rim cert,felicidade
ic iça vel barc mar atlânt sul marinheir joã arco anjo céu azul iça iça âncor vel milh atol sol nuc corp ofusc luz sol,felicidade
sang derram mim purif restaur senhor volt amor,felicidade
coraçã coraçã coraçã coraçã,felicidade
oferec calor enderec vid filh comec,felicidade
precis sub palc car vermelh cant cançõ karaok amor pra namor,felicidade
vou orar pai vou clam ped sant espírit deus amizad sol,felicidade
vou viaj vou mostr lind hav dor sofr comig,felicidade
vam vam som par festej celebr acontec,felicidade
rap molequ seg trilh cantor vir vapor client pra tar visual relogi loc rol pajer mosc nois sent ded,felicidade
sorvet sorv derret sab diss diss precis olha sorris,felicidade
chocolat ment batiment aument deit piment receit bat cert compromiss gost diss abstrat nist concret,felicidade
an vic músic cham lúc mund desab coraçã quebr col sar devolv terr,felicidade
pos irmã curt salã pra danc dinheir mã vid lok pra col funçã bang pra cumpr missã,felicidade
lob hien pass vonts volant fusquinh visã colet verdinh divid pã,felicidade
diab cartilh inimig ceifador class ric class orgulh professor cã pront pra mat brasil adestr,felicidade
hall fam etern lembr igual tupac sucess cã mord caravan got águ estremec desert saar,felicidade
tir zói impal engasg freestyl pul mang larg lowrid toc pret camisã xadrez calc larg medalh honr mérit quebr,felicidade
menin entra pra list cort american vend pro elvis jhon ein cas branc malár febr amarel pabl escob deu cidad pro mor,felicidade
baian águ cheir ped pra mim lav escad senhor bonfim milhõ kilometr extensã tropical    estamp fal,felicidade
entreg poes ferrug peg hom precis víci cigarr caf beij paus,felicidade
mudanc vou mor abrac cabul pixinguinh carinh delíc gostos vim xavoz pruns amass,felicidade
olh louc seman lábi cham fal cham cinz cam calor deix queim corp rio janeir grac jeit louc,felicidade
palm mã palm negr danc soub lav alma mã humilh céus ergu troféu demor vou camb samb mã,felicidade
par grandez épic formaçã atra deslumbr estimul import,felicidade
poss volt larg escrav castig batuqu batuqu purez menin uniformiz escol secundár,felicidade
algum vou danc lig encontr ame detalh gost lind ros convenc,felicidade
viv difícil vou difam jam quis gost bis fiz fiz feliz,felicidade
mademoisell capaz sorr vam curt fic grav ment igual acho saudad present,felicidade
frent pux bond amig danc comemor vilã sum romanc louc acend lanc danc,felicidade
surg vendaval forc exist enred carnaval jamelã keti,felicidade
olh disc prateleir thelonious monk cultur maneir punk mostr visã verdadeir tranqu louc cachoeir pereir funk,felicidade
tir sujeir virtual rim ligeir marginal derret inteir natural entend mund ideal,felicidade
cant pra sald negô rei cheg alaafin vim oyó xangô daqu mal pra cuand orub band pap língu escrit sagr,felicidade
fic amor sonh quer,felicidade
dig iraj iraj pra beij beij mim,felicidade
louc lisbo duvid terr gir contrári rios nasc mar,felicidade
palavr impact vocal tranqüiliz escrev emocion sarau loc perceb olha bol olho efeit rim expressã facial,felicidade
stefani rim pra interess quis inspir afet complet missã deus deu met,felicidade
capac pra algum mund fiz sent rim bat rua lut salv muit ment,felicidade
mostr sorris amarel tin mamã rainh providenc castel compor recompor histor tramp temper vitór,felicidade
trabalh correi revend avon livr facul bols olhar purez menin moc,felicidade
ouc pra reviv cont pra pag sonh pra viv vid pra lev impéri pra ergu histór pra eterniz devag vam,felicidade
mai marrom coraçã azul branc papel crepom mund,felicidade
trindad cheg cidad volt senhor senhor,felicidade
legal séri brutal aug natal beij boc min favel som clim,felicidade
matin brilh retin sol cort persian fin feliz miguel repet cuid menin doc cajuín,felicidade
melhor teresin esquin grit molequ nasc amor renasc feliz malandr jac escolh cham leandr,felicidade
balanc balanc danc entra rod moren pra balanc balanc,felicidade
lev vid pens pens pass vou acab balanc balanc,felicidade
cartilh abc maravilh balanc balanc,felicidade
belez intens plen ipanem holofot criv luz ilha flutu plen,felicidade
águ font beb palm mã ros abrind despetal chã viu prov viv amou vid curt mund pequen vou viv morr amor gostos venen,felicidade
alguém senhor soberan conduz amor vid sol luz font suprem venc cruz filh deus,felicidade
andorinh voou voou ninh mã burac coraçã vou passarinh bich sai ninh vacil dor,felicidade
atmosf zer geograf ouc bah sons georg mind mil baix bail sub pã açúc duc lour,felicidade
auror iorqu colun lod furacã pomb explod águ podr,felicidade
av continu quis avô quis mim amou decert amou,felicidade
bandeir estádi estandart flâmul pendur pared distint camis uniform lind part futebol,felicidade
cabec car curt man direit lig efeit surg man represent sig cen satisf paz emic vil madalen,felicidade
bel fer fals sinc clar escur loucur cidad viv paz cidad igu,felicidade
bol entrand fund red juiz apit goool torc levant solt foguet ped,felicidade
bol rol camis coraçã grit fund campeã campeã,felicidade
cabec fic louc beijinh cant boc louc louc louc louc beijin beijin,felicidade
cabec fic louc beijinh cant boc louc louc louc louc beijin beijin,felicidade
rim tristez abra loucur anjo sagr loucur anjo,felicidade
piruet tom violet inund bail fic encant voar,felicidade
grand jet quer par quer destin junt dom,felicidade
deus barc naveg alto mar desbrav med,felicidade
chor coraçã lind cant tristez pass serás,felicidade
amor amor lind cant tristez pass serás amor amor,felicidade
canch pequen ensolar palc show mulec dribl gols arremess saqu esport surg destaqu,felicidade
carapuc serv batin caiu bloc carnavalesc pitoresc brasil,felicidade
cas fazend lua clar port deix brilh clar pedr degraus,felicidade
casinh pequenin frent capel pass font cristalin vou beb,felicidade
cervej sagr vontad just paixã piad ris assust boc cad corp fogueir,felicidade
cest básic barat salári constitucional legal desmand apolog impost racional,felicidade
just democrát respeit cheg emocion igualdad oportun futur comemor,felicidade
chuteir vest descalc tapet realez verd olhand bol vej sol rol part futebol,felicidade
mud destin enfeit alma modif caminh limp estrad futur mostr car pro parcer irmã liberdad cheg,felicidade
cidad bonit vam visit saíd portag linh beb bris marinh aprec paisag,felicidade
cidad ideal dum cachorr post metr quadr carr corr morr fic apert,felicidade
cidad bail amad estrad viv saudad mar,felicidade
cidad par chã trem gusttav lim beb,felicidade
lind exist mim lind exist mim,felicidade
conceiçã pra embandeir cant muit gent baticum samb batuqu capoeir candombl sol queim ninguém,felicidade
cor sang vermelh vermelh cor amor amor palavr cit poet cit,felicidade
chuv passadacéu azul apresent beir estrad amor corrent rio,felicidade
corrent rio lev flor adormec sorr sonh amor sonh amor sonh,felicidade
vej cais deus vid mestr coraçã mestr mestr esperanc mestr,felicidade
deus rua olhos lua costum embriag olhos suponh sol dour sonh claridad busc,felicidade
glór glór glór pra amém glór glór glór pra amém,felicidade
encarn deus andar léu céu vibraçã,felicidade
espreit vapor car dum francês sej vou mar,felicidade
vo estrad desaf qued desf qued voa estrad pra pous,felicidade
farinh feit plant famíl euforbiác euforbiác manihot utilissim tio apelid macaxeir mund achou melhor,felicidade
farinh sang nordestin menin gross fin quebradinh vou vizinh pra pirã mingau,felicidade
farinh feijã animal cabr eir beir fund quintal macaxeir macaxeir popul macaxeir pral macaxeir pra,felicidade
pior roc gad exist deus,felicidade
manhã anoitec calor verã viv pra morr trist solidã,felicidade
felic got orvalh pétal flor brilh tranquil lev oscil cai lágrim amor,felicidade
felic got orvalh pétal flor brilh tranqüil lev oscil cai lágrim amor,felicidade
felic plum vent lev brilh lev vid precis vent par,felicidade
felic plum vent lev voa lev vid precis vent par,felicidade
felic delic flor amor cor,felicidade
ninh passarinh delic trat,felicidade
felic mand avis cheg ninguém ninguém vir motiv alegr,felicidade
fest vam pipoc gusttav lim bich ligu pras gat lind noçã camarot lot toc pancadã,felicidade
forc pedr cant itapuã fal tup fal iorub lind bail pierrô pierrô rua,felicidade
cact aval samb cai cai banh romeir rom religi rog rez cant,felicidade
fragat ergu pro varin teim pass che lisbo lisbo cheir flor mar,felicidade
fragat ergu pro varin teim pass cheir lisbo lisbo cheir flor mar,felicidade
fragat ergu pro varin teim pass che lisbo lisbo cheir flor mar,felicidade
gafieir subscriçã pra pass cer caiaçã turm sai terez quer volt terez enturm terez enturm,felicidade
garc vôou sombr fic desc lev brancor,felicidade
gent acab amor resolv pens gent pens jur pens sentiment praz engan,felicidade
gent esquec samb samb gent perd amor acha amor,felicidade
morr peit peit nasc amor indiferenc saudad tristez rancor,felicidade
gent amor telepat chã mar lua melod man gent beij imagin loucur,felicidade
gent amor telepat chã mar lua melod man gent beij imagin loucur,felicidade
gent amor mand paixã nenhum lig amor brig fug coraçã gent amor desej olhar vou pra cas pra mat med amar,felicidade
gent nasc gent cresc gent amar mulh neg neg neg,felicidade
gent convers sagr comet maior pec,felicidade
gent fal liberdad sair prisã fal céu tir pés chã,felicidade
gent pul gent zoa rodei terr trem danc danc pancadã bat palm mã,felicidade
vou mex mex mex comig menin perig dom apaixon,felicidade
gent pra gent gent papel pass fest bol brigadeir gent cant sosseg gent cant sosseg,felicidade
gent embal embol embol port igrej gent olha beij molh chuv suor cervej,felicidade
gent digressã pra toc recint abert fech salã voluntári,felicidade
gent vir bich desmai brac aquec mormac perfum suor conhec histór cor,felicidade
glór senhor brilh glór senhor glór senhor brilha,felicidade
glór glór glór desc diret pai glór glór manifest cruz glór pai,felicidade
harmon terr disson bel azul acord termin haverásom,felicidade
honr satisf cheg coraçã som parceir cidad maravilh rio janeir,felicidade
peg microfon chec satisf sambabook zec rim manj mand pra nóis bagac laranj,felicidade
inform luz abrig vital águ batiment cardíac pulmã sol chuv espad dragã castel armadur,felicidade
inform luz abrig vital águ batiment cardíac pulmã sol chuv espad dragã castel armadur,felicidade
júl florist boém fadist tradiçã lisbo figur pro cançã,felicidade
figur bizarr som guitarr fad viv vend flor amor jam vend,felicidade
liberdad cheg angol cheg brasil mistur culp fad alegr vei áfric,felicidade
linguag amor carinh palm mã,felicidade
lu gir gir trac céu compass lua gir gir trac céu compass,felicidade
lu gir gir trac céu compass travesseir brac,felicidade
lu desc paz rein luzeir volt vid compraz sarg assa brazeir,felicidade
lu lev arrabald distant avis pastor tect trist reis mag errant,felicidade
sol chap fin sub anunc anjinh cartolin cant alelu,felicidade
lu moren danc vent ventr sol manhã,felicidade
chuv cigan danc rios mel cacau sol manhã,felicidade
lu prat escond sol dour aparec amanhec lind cheir alegr sonh acord pens nel,felicidade
lu traz vent filh mulh amig cheg diz vid,felicidade
luz praz irremedi neon grit praz açoit réveillon,felicidade
luz contempl corp sedent louc praz desej ardent,felicidade
luz prat escond sol dour aparec amanhec lind cheir alegr sonh acord pens nel,felicidade
luz surg madrug invad céu ilumin estrad luz cheg sol luar belez luz olhar,felicidade
vou esquec difícil pra descrev pens moment felic,felicidade
luz sol esper clar amanhã vou esper amanhã pra clar vou,felicidade
madam preconceit cor evit amor senhorit mor colin neguinh compositor,felicidade
mangueir morr morr acontec histór mangueir cenári cobert glór,felicidade
manhã andorinh esquec viaj voa pensament traz imag,felicidade
manhã socorr flor aves suav solt asa azul borbolet band,felicidade
manhã acend farol águ mang belez desliz sol aces sang,felicidade
manhã oferec maçã mar alumíni menin lev lev med domíni,felicidade
mã pass pel sab invent céu vid jog,felicidade
esperanc vinganc danc samb precis lut capoeir,felicidade
companheir paz passageir prá defend levant grit vou,felicidade
mã violã cançã espad viol enluar camp cidad port bandeir capoeir,felicidade
desfil cant liberdad companheir paz passageir,felicidade
louv mort viol enluar sertã espad esperanc vinganc danc samb precis lut capoeir,felicidade
companheir paz passageir pra defend levant grit vou mã violã cançã espad viol enluar camp cidad port bandeir capoeir desfil cant liberdad liberdad,felicidade
march alegr espalh aven insist lua che viv escond surg cidad enfeit pra band pass cant cois amor,felicidade
march mour bairrist cert ares alegr boêm fadist,felicidade
march vicent alegr gent pass atordo lisbo ouv cant,felicidade
acend cham torn brav imort viv antig fam vicent,felicidade
mar vazant quer encost quer entreg estrel brilhant caíd mar,felicidade
mar desmanch noiv man cas lua mel,felicidade
mariet mand beij beij famíl cecíl crianc franc aproveit pra mand lembranc pessoal,felicidade
mat dorm vent acab folh caiu faz rumor toc,felicidade
med amar amar med med amar amar med veloc máxim permit med amar amar med,felicidade
med amar amar med prepar pra decol contag regress med amar amar med,felicidade
med amar amar med veloc máxim permit med amar amar med,felicidade
me sol reluz pra mim caiu babel suj interior receb cachoeir libert,felicidade
melhor band temp últim seman melhor disc brasileir músic american melhor disc últim sucess pass sucess temp maior fracass,felicidade
melhor vid escolh razã simpl alegr alguém ama amor insuper fest pra receb,felicidade
melhor fiz vid entreg pec lanc mar,felicidade
lembr sec suj andav decid encontr resist mergulh,felicidade
melindr mand bal mestr sal curv europ trop general band danc samb berlim,felicidade
menin irmã inocent bonit manhã manhãs apress alarm agit,felicidade
cart verb sonh viv pra chav mistéri tem med amar,felicidade
crei deus pai poder únic gui pra feliz maluc guerr amanhã estour vou,felicidade
alm bibliotec abert dias pra olhos livr bonit ler,felicidade
cançã verd verd cant verd cant verd vest cant mes rei,felicidade
carn feit nuv afliçã encontr perd vou par cas,felicidade
cas coraçã mud cas camp min terr ger cas,felicidade
cas fic trás mund vou comec cant,felicidade
esperanc jesus jesus jesus promess igrej jesus jesus,felicidade
esperanc sol brilh sol ilumin pass harmon universal infern cheg civiliz,felicidade
felic sonh olhos namor pass pass,felicidade
busc madrug fal pra acord alegr oferec beij amor,felicidade
felic sonh olhos namor pass pass,felicidade
busc madrug fal prá acord alegr oferec beij amor,felicidade
felic sonh olhos namor pass pass busc madrug fal pra acord alegr oferec beij amor,felicidade
gent sofr desped dor pra band pass cant cois amor,felicidade
músic levant poeir entrar barracã cabroch pendur sai amanhec feir mangueir estaçã mangueir,felicidade
namor deix pra agradec caus viv vid pra val,felicidade
ros vermelh romã abert fech manhã,felicidade
trag ros vermelh boc encarn der abelh boc fech trag ros vermelh precis,felicidade
sort baralh destin liberdad legítim naçã brasileir mulat trag cabroch coraçã,felicidade
terr vian mont mar dou terr cheg,felicidade
vid mestr coraçã mestr mestr esperanc mestr,felicidade
vid real legal estranh gostos gent rir toa mud deix feliz coraçã gostos comig pra val,felicidade
vid amar ire sonh coraçã cas,felicidade
vid melancol aparec ros fugid sonh louc fantas,felicidade
moc trist viv cal sorr ros trist viv fech abriu menin assanh pra band pass cant cois amor,felicidade
modern dur pra tecnolog pra cri fantas,felicidade
vir deput pânic dissimul plan educ parec fácil parec fácil ráp,medo/surpresa
estil manuelin pra erig bel altar intençã entroniz,medo/surpresa
gent cheg cheg mead fio pra rio rio mar mar,medo/surpresa
inspir pergunt mim alguém repond aviã barc bond,medo/surpresa
mund convit capel rach pra mord apetit altar,medo/surpresa
jesus pirapor procur piedad,medo/surpresa
bot crianc pra chap esquent,medo/surpresa
irmã mor irmandad paixã liberdad piedad,medo/surpresa
mort vim convers contig vim ped abrig precis calor,medo/surpresa
vou deslig blitz frent vou tir bon car inocent,medo/surpresa
senhor mort deus vid lut proib piedad,medo/surpresa
dig jog morr bloc arder fog,medo/surpresa
lig pra pap bail indo lombr morr tom melhor volt rol festinh pracinha,medo/surpresa
vou fic lucr pass escurec bagulh doid,medo/surpresa
man pis estranh deu fac pescoc morr man pis man man car embarg show man don salã fal show rap,medo/surpresa
seguint tav tend show impéri consciênc human surg tret car morr car,medo/surpresa
vix entend crer políc fech show ninguém cas fech véi entend,medo/surpresa
vam termin enrol bagui pra rol irmã firmez firmez man mund mã cabec mã cabec cad bagui irmãova caguet claudi claudi baguio,medo/surpresa
manoc viu políc man embac morr cert manopr cad vir,medo/surpresa
morr jeitocert manofic ligeiroporqu chei políciachei gans descabel manovim pra levant vam col,medo/surpresa
seman top mund crist onda eufor estranh  seman top mund crist onda mergulh busc,medo/surpresa
quant boc fech bomb beij chã cidad cham cidad cham,medo/surpresa
pass film fumac bar salv vid,medo/surpresa
desc serr ceg neblin imagin curv estrad serpent mort port paraís,medo/surpresa
“se problem cárdi sugir deslig rádio”,medo/surpresa
kleb car morr manodaqu pra frent cocã jeit abal fic firm nóis junt,medo/surpresa
deus esquec capítul histór demôni escrev sonh mort comum decomposiçã,medo/surpresa
adiant chor adiant grit cidad,medo/surpresa
infern pra escap,medo/surpresa
cad corp manoman peg celul embac manoesforc man barat loucoput par car sub metr chãodeus céu cham ambul caralh,medo/surpresa
mag negr vou volt mag negr mat,medo/surpresa
telm gay fal mim calún par,medo/surpresa
min terrestr palm chã dias melhor virã,medo/surpresa
detençã mur fug daqu defes fod fug daquidetençã mur fug daqu defes fod fug daqu crê man fug daqu,medo/surpresa
crim crim quebr normal fog fumac cheg drog inevitavel embac,medo/surpresa
pap pop pap pop pop poup ninguém pap lev tir queim roup pop poup ninguém,medo/surpresa
febr vid gangst rim brilhant cos nostr perig caralh vid passageir cheg ensai cen verdadeir,medo/surpresa
trilh ambul fre contraband fug rap marc mulh sonh bol pad pra cant parabéns pra filh tia ilumin giroflex políc corp mar esper períc,medo/surpresa
playland escolh brinqued prefer forc guilhotin olho derret maçar crâni vir bol ritual sadism marret fratur costel perfur intestin,medo/surpresa
dól zorb receb mensalã universal milhõ dízim aviã crer allan kardec mort vid plan almas encontr,medo/surpresa
fredy krueg med cenári zon sul grajaú madrug paul rolet macabr sort giroflex projet slid túmul,medo/surpresa
vam ouvidor denúnc entrar program proteçã testemunh cad lesm ocorrent segund chã algem,medo/surpresa
coronh baf whisky fug script porr tam perd tem arma haxix rádi averigu passag iml reconhec tatuag,medo/surpresa
obrig sac dinheir caix mir las cost crom grit alarm premedit flor bençã padr mor europa,medo/surpresa
algum molequ dei esmol fech vidr car tchau porr sai vej result barrig che filh faxineir cort jugul,medo/surpresa
açõ imóv cont exterior oitã cabec diss igual film jornal mulh estupr mar assist dand ris,medo/surpresa
conceit artist brasileir far vangog cort orelh invent luz clon comput fot pra registr histór horror,medo/surpresa
minut pass tensã extrem mulh errou senh lembr jog gasolin risc fósfor,medo/surpresa
contrat vig lanc carr blind ladrã banc culp port abre grit entra vac dand coronh porr gráv,medo/surpresa
qu mã faix ped justic registr sumic delegac pens holerit profissã troféu ossad rabecã,medo/surpresa
alô ivo pitanguy transplant facial ladrã jog álcool queimadur grau traz prótes pra pern tir deu hemorrag pra pass fisioterap,medo/surpresa
deput estoc vergalhã plenári sonh presid sessã serenat ouc pass vej vult espírit,medo/surpresa
prep pra algem fal juíz met perjúri pra habb corpus conced pra segur intestin fit bing eduard inser capel espirit,medo/surpresa
ninguém tir    president igual mandel antôni conselheir canud cel psiu agent desarm chav acess gal carcerag,medo/surpresa
med agent caminh comec fal cidad perceb amig idé esquisit cidad idé atrapalh ilusã negóci louc,medo/surpresa
viv sofr ser esper esper enred oper,medo/surpresa
episódi deu confusã gent machuc favel ocup med domin trabalh fic plan seg mat enterr impost pag desacredit justic clam deus implor almas orand vid jog,medo/surpresa
ru fech carr par camis car pilot assust relógi roub busã quebr neguinh bol caminhã saqu batalhã choqu porret mã tir aut pra assust multidã,medo/surpresa
convid pra sub adro fundaçã cas jorg amad pra alto fil sold quas pret dand porr nuc malandr pret,medo/surpresa
histor crianc corr mã chor chap quent tir pra silenci prac corp inocent cheg maldit polic cheg polic med armad fard carteir assin ódi car pront mau,medo/surpresa
pret morr ninguém socorr comun cen arma disp pânic aument ate cinem real armas brinqued polic invad favel espalh terror med,medo/surpresa
refém med guerreir infern cri jesus escuridã tent busc achar luz,medo/surpresa
fal faz curv viatur vou par vou lev dur acontec tap sac cham pret abus document mã minut liber,medo/surpresa
novent popul anda arma mã conf proteçã med camburã cacetet mã fic jog chã,medo/surpresa
viv perig constant avis carinh amanhec,medo/surpresa
favel sold bandeir desconfi lad tem algum nasc guerr acostum vou tiu tiu,medo/surpresa
favel sold bandeir desconfi lad tem algum nasc guerr acostum vou tiu tiu,medo/surpresa
arranc dent alicat vou mascot azed marmit fog chicot opçã mort pra mant ide viv,medo/surpresa
junt palavr folh bot pra permanec encolh maldad cois vid der escolha,medo/surpresa
revid atac chacin met repressã vilã poet sold rua glock beret convoc pra guerr der canet,medo/surpresa
envolv brac seren vou rend olhos moren met med rai sol líg líg,medo/surpresa
ouv contrári procur hein,medo/surpresa
aproxim mim mod estranh dig olhos castanh met med sol líg líg,medo/surpresa
pa pai condena amor langor luxúr poupa pai filh fúr senhor,medo/surpresa
manhã políc encontr dificuldad pra control multidã prac prac guerr vidr quebr chã lix espalh pres fic fer prefeitur assum respons,medo/surpresa
vid perd joelh umbig perig,medo/surpresa
arroz feijã farinh prat principal bif cebol époc natal crianc toa brinqued doad joe desfigur carênc brac,medo/surpresa
jesus crist lament merec perdã propag desgrac alhe trar salvaçã ascensã dor mandament pensament transcrit pro testament,medo/surpresa
milhõ african mort segreg cac bandeir esquadrã mort,medo/surpresa
comerci informal variedad produt dent our defunt imag sant túmul pivet cresc detent,medo/surpresa
litr sang derram corp     litr anu form mar mort evapor condens vir chuv ácid sol germin raiv incur pra anti rábic,medo/surpresa
sal terr luz mund gost trev imped,medo/surpresa
alcanc rein deus corrent anda beb font águ mar,medo/surpresa
arc desconjunt ruir pul bichar quer sair,medo/surpresa
ausênc silênci tard tard vergonh espelh marc mat insan olhos olhos insan,medo/surpresa
barat bich natur cert espert ninguém,medo/surpresa
barat deus corr barat voa maldit barat jesus socorr barat grit,medo/surpresa
barat ráp aviã nojent lamb chã cucarach dan psicodél barat,medo/surpresa
bel fer fals sinc clar escur loucur,medo/surpresa
belez embriag vinh alma brot alma brot sust terrível,medo/surpresa
class band larg acab aul abrir págin internet disc bibliotec públic pra   milhõ zon sul bic linch mat vig itaú,medo/surpresa
carnic mat mosquit put fedor mostr luz túnel apag acredit paz futur som metralh traz crâni fur,medo/surpresa
corp mansã pra mim comec sang lágrim dinheir prec crianc grit dor desesper vend mã tom fac arrast cabel,medo/surpresa
port mal capuz jesus cad senh padr abenço cruz colabor fal filh deix viv lev louc viúv lut,medo/surpresa
cidad apavor qued paralis pront pra vir gel zepelim gigant desc comand diz mud ide,medo/surpresa
mat cortin transparent revel solitud solidã,medo/surpresa
desej violent bat quer pânic vertig obsessã expressã angúst depressã,medo/surpresa
pressent indefinivel mat,medo/surpresa
sozinh onda med fantasm enrred destin imag diferent consient inconsient desatin,medo/surpresa
expressã angúst depressã pressent indefinivel mat,medo/surpresa
sair continu ped vot agent reag,medo/surpresa
sentenc cant castel trem pres gaiol acompanh filh pra escol vou tir tempor,medo/surpresa
vou fic sapatinh pra arrum problem facçã regal pass venen pens niss pra vir máquin inimig,medo/surpresa
esp milagr insist diss abro mã vou morr solidã amig deus,medo/surpresa
políc preconceit armas ide exager abus chacin seman igu polic pag justiceir fard term convém,medo/surpresa
falh human justific pra argument tribunal vid gent paz almej viv esper,medo/surpresa
cal escond condomíni lei favel imper genocídi dur vid ensin caminh pern rest livr corró destró,medo/surpresa
filh mat vig assalt vier pro asfalt passeat mat engol bandeir faix desconhec cenári polít jog gran inimig entend escol,medo/surpresa
renasc líri val salomã consegu,medo/surpresa
renasc líri val salomã consegu,medo/surpresa
fit cert jãopr sobreviv capã infeliz sofr gent frent esquelet escuridã decomposiçã,medo/surpresa
gent sent existent guerr violênc inimig,medo/surpresa
gent sent luz cidad escur abrig,medo/surpresa
gent pod convers inteir fal séri brincadeir dorm son profund mund sol rai,medo/surpresa
gent pod convers inteir amanhã feir cont pag apag luz dorm despert toc,medo/surpresa
lord dand ordem gord gait fol andaim qué mass mol reclam pra mestr esfol viv viv,medo/surpresa
guerr ceg cor fad carn trêmul pavilhã destin desesper espéc devanei ódi devor sobr menin,medo/surpresa
guerr guerr guerr guerr guerr guerr,medo/surpresa
heroín conduz garot inofens monstr empres cac pres alvo mir psicopat armad,medo/surpresa
histór trafic histór trafic histór mort histór trafic velóri rez mim,medo/surpresa
igualdad social cont fad felic sonh mágic acredit palavr metralh revoluçã verbal aterroriz vam queim constituiçã coquetel molotov carr bomb congress tic tac explod suplic pro gamb derrub port bat mulh atir cost,medo/surpresa
inform pec chav sex segur powmor mur quent dit car coraçã proteçã risc contamin,medo/surpresa
pens acontec camisinh ninguém imun hiv dst dstdoenc sexual transmissív exempl hepatit aids sífil,medo/surpresa
sex descuid contamin pint boc ânus vagin sintom aparec desaparec cuid signif cur,medo/surpresa
perceb coceir cheir estranh fed fer escorr líqu man acontec exist remédi procur auxíli médic,medo/surpresa
juventud sozinh ninguém ajud explic mund desastr,medo/surpresa
ninguém ninguém vou rez pra desist,medo/surpresa
mã morr med barat pai viv med ladrã jog insetic casabot cad portã,medo/surpresa
expressã angúst depressã pressent indefin mat,medo/surpresa
expressã angúst depressã pressent indefin mat,medo/surpresa
mar sub demasi águ águ,medo/surpresa
metad olhar cham pra lut aflit metad madrug bodeguit,medo/surpresa
escol personag escol gent alguém fal mund mund pass vam comec,medo/surpresa
sol abras amor engan sombr assust terr vian,medo/surpresa
poet segur canet deix deus escrev escritur seguint deus louc pra confund sábi poet louc almir guinet,raiva/desgosto
angry man angry man rain fall but the dirt tough pot cook but the food nough repeat angry mob angry mob,raiva/desgosto
mort viv vid priv seguint seguint falh,raiva/desgosto
san vicent mulh homens coraçã american sabor vidr cort,raiva/desgosto
san vicent mulh homens coraçã american sabor vidr cort,raiva/desgosto
fad acab lir gir esgot laring esfing devor pesso toa sabor ros,raiva/desgosto
hélic metál risc beij deix pel pec sin,raiva/desgosto
ouv respeit serv ocult melhor escut,raiva/desgosto
encontr desped plataform estaçã vid vid vid,raiva/desgosto
assalt mund pro chã pro chã filh put ninguém brincadeir oferec cofr man cofr cofr vam bich,raiva/desgosto
forc brac cav terr colh our recobr igrej branc,raiva/desgosto
man ouv irã entend inform arma poder carreg roup car etiquet val,raiva/desgosto
compar ment articul racist otári químic perfeit inteligent cruz tem respeit,raiva/desgosto
fal pens desesper mod cant tort feit fac cort carn,raiva/desgosto
vam fech rua manifest,raiva/desgosto
pra polít porc veredit man,raiva/desgosto
forc brac lavr terr cort can amarg doçur mes branc,raiva/desgosto
forc brac plant terr negr caf peren aliment lucr branc,raiva/desgosto
forc brac grit dent alma pedac ergu impéri fiz amér filh branc,raiva/desgosto
brech sob ladrã gent ped melhor car gent fod,raiva/desgosto
ladrã coméd rod banc negóci met can morô man man cad regen ninguém regener,raiva/desgosto
man fod embac venen gent esquec morô,raiva/desgosto
man jay ment ilud domin popul carent educ cultur proced crê,raiva/desgosto
man cad fod ladrã feb pra mim cad chocolat molec pivet man abrac ide morô,raiva/desgosto
explic tir letr ixi vend coméd presídi detençã troc ide man vend morô,raiva/desgosto
prov pressã opiniã públic hav tom decisã vam esper cai esquec fac justic,raiva/desgosto
vid baix políc enquadr vid baix humilh rebaix vid baix quer acab vid baix interess acham,raiva/desgosto
punk perif fregues prá fregues,raiva/desgosto
sai deix diss promess prend press,raiva/desgosto
pra pilantr castig selvag tir test rod banc boi pra pilantrag,raiva/desgosto
sucess sosseg sucess sosseg,raiva/desgosto
pobr coit olhav sucess peg,raiva/desgosto
músic danc bond praz sacanag romanc met,raiva/desgosto
vou corr inclusã promov intervençã prepar vier escolh quis fech pensament embac sai ret comit passadist perdedor frent olha retrovisor,raiva/desgosto
verás ment verás amor import venc vid gem dor esper auxíli ajud,raiva/desgosto
menin pens fic noiv brinc gent parec tont olham espelh figurin escond bonec fal menin,raiva/desgosto
oponent atent derrub adrenalin cresc octógon sub desconcentr deton desatent necessári pra beij lon,raiva/desgosto
prep trein pra ganh afob vou lev pro chã finaliz imobiliz bat prepar pra lut,raiva/desgosto
cap algum palhac autoritári rodap publicitári aut retrat fútil entrev bravat gêni comp otário,raiva/desgosto
psiuvam entrand guin portã man neguinh dirig mim ria ria ria vir,raiva/desgosto
jog atitud tir robin hood fulan sang ruim caiu olho abert olhand jur tav acert guin deu,raiva/desgosto
campeonat estádi abaix sai anonimat prol cabr machom arras paus atac tim vas,raiva/desgosto
vir cost salv vir bost,raiva/desgosto
brinc marionet brinc marionet brinc marionet brinc marionet,raiva/desgosto
vid contém cen perplex film pens imprópri idad,raiva/desgosto
indign indign indign inaçã,raiva/desgosto
destró mol paixã despert sentiment,raiva/desgosto
sang verã sang corp mort,raiva/desgosto
disposiçã pra pist estereotip extrem cuid list bicud bicud baix crist,raiva/desgosto
cai armadilh sig apolog barrig vaz esquec jói ric cai armadilh sig apolog miss import aven,raiva/desgosto
fal tant rodei pra seduz busc sent daquil ouv displicent diret rejeit,raiva/desgosto
diss envolv suj atras pobr vagabund andav rua nenhum troc pra maltrap maltrat,raiva/desgosto
destaqu olho vir puls aceler ronc   canec viaj estrag escol melhor parceir cadern pra sed loucur som maneir,raiva/desgosto
caôj sonh doutor rastr cobr pis olho agu morô extint ligeir hav moscã ped arreg playboy,raiva/desgosto
tem polic fal gross pipoc pap roc madam sorr destroc cov lob empreit tio vir fumac viu bat carteir siu,raiva/desgosto
japã bagulh doidã molequ apetit sonh vir ladrã condiçã boladã alma lat merd estrag,raiva/desgosto
pequen hom tem perig man pist trafic defed sonh cont sort viaj onda caminh mort,raiva/desgosto
vim sofr cos nostr cheg mund,raiva/desgosto
autor invad critéri nenhum som siren cheir mort derrub frent filh quebr pai polvinh fard entra mat sai,raiva/desgosto
decorrent descas corrupçã molequ cresc empreg vir ladrã bol montã morr nasc mont disposiçã,raiva/desgosto
louc guerreir guerreir,raiva/desgosto
ódi domin sobr ninguém mau reflet mim respeit pra pra,raiva/desgosto
aprend just caix papelã boy ferrar don aviã papa noel menin busc confort latrocínio,raiva/desgosto
víd furt paneton cei frut furt vestibul infern deix clar ascensã qued empresário,raiva/desgosto
vou pra mot enquadr carr atir peit arranc motor queim carcac mat vou gram pro molequ condomíni pra client doent suicídio,raiva/desgosto
filh rod banc cheir dancet aud pag moral ladrã políc mat esquec cã adestr,raiva/desgosto
filh put aprend jeit ensin coraçã petrific glock doutor refém queim viv ris anestes arranc ded navalha,raiva/desgosto
fech carr fort atir cuzã malot heró sobreviv aprend alarm mansã piad result empreg amarr velóri sal,raiva/desgosto
calc fam cadáv jornal flash car repórt policial colet pra isto pro choqu quebr cassetet sol camarim frut époc toalh branc enforc pra espac tranc,raiva/desgosto
adversári trafic rua sang vitór status pro rein boi pra ric mitsubish mosc aven relógi carr mand vac pro legist,raiva/desgosto
futur jogador cen crim principal ator boy ouv assalt precis chor cã adestr pra mat,raiva/desgosto
pro boy novembr feri facult acostum molequ descalc apont fal psic fech escol banc planalt central,raiva/desgosto
status pro arquitet club selet ostent apólic segur anti sequestr top cad aliment burr pendur diplom pared túmul chip fio cabel aparat jam bond pesadel filh domést senh cont pond artefat boc   deton bomb,raiva/desgosto
abr tranc tir cad arromb cat boi morr asfixi conhec arte marcial van dam nippon coraçã corp tatam,raiva/desgosto
chor pag via sacr famíl coro vigíl cartolin obrig garant vid mort indeniz justic,raiva/desgosto
enxurr groselh axé sertanej pagod mel cuec letr criativ preocup social hitversõ fórmul comercial músic prostituíd pra rap alto astralcuzã sorr zorr total,raiva/desgosto
viv vid tribal cac pra com ouv gor com put rol suor paulist teatr mus plac bronz,raiva/desgosto
paraís preconceit maqui branc melhor salári negr carg linguaj jornal códig pro suplet pasqual traduz ouv,raiva/desgosto
tribunal cinz juiz júr crim rap volum profer pen bomb psicotécn limin garant ingress,raiva/desgosto
madam monstr tir alianc fac fich kilométr cuzã fard cpi assembl legisl crim organiz políc,raiva/desgosto
salári deleg lamborghin diabl gavet document pra esquent carr roub pun milit engrax bot estour vei aort,raiva/desgosto
imit caçador pared expõ pres brasil expõ cac jaul cad espingard atir pat labrador busc cã policial trás beb calc plástic,raiva/desgosto
grit armad garruch gamb teatr pra luv cirúrg sent praz vead penetr milhã lomb corp bal,raiva/desgosto
estevã rez apedrej sândal perfum cerr elétr sang compr geladeir inox brastemp pra abrir freez encontr pedac parent,raiva/desgosto
pen capital extra oficial suficient ric cadeir elétr olho pul inocent cort ram podr pra árvor sobreviv cartilh aprend abcd,raiva/desgosto
le reciproc maquiavél graus centígr corp queim favel pra faculdad segu doutrin segu pass filh constru arma químic,raiva/desgosto
imagin inaugur condomíni concentr rac coloc gás letal pulmã coloc pra ganh indult mat carcereir saind caval doid,raiva/desgosto
únic espéc milhõ raciocin anta arma mutil min mandament boy cruz font rend bisp com crianc igrej,raiva/desgosto
jesus volt emprest quadr enquadr crucif tra palavr morr mat pai paul dorm pra herd construtor helicópter colibri,raiva/desgosto
machuc sangr sufoc port mal bmw ladrã volant rind toa cartã espos,raiva/desgosto
açã prevent porr políc bar com coxinh vir carnic sang pra encher panel vaz prec indiferenc cobr perif,raiva/desgosto
milésim gol rei ouv esquec infânc eduqu criancinh    livr didát silenc acopl,raiva/desgosto
govern assum paralel presídi pra facçã previlégi coloc tet   grup riv produt inflam incend vel castic,raiva/desgosto
rinh mont fac apost venc gal crav lâmin espor grad sep ódi jud arian israelens palestin cuban american,raiva/desgosto
sold roman crucific filh reincarn arma distint tortur inocent pra ensin toc pian justic divin pro charut cuban,raiva/desgosto
anim genét modific pit bull rotwaill pro ladrã fic pedac pen realiz sonh luth king yur pra mart negr livr,raiva/desgosto
abrac abol escravatur cont pret outdoor rua pai tom cuid filh quadrilh export pro puteir boliv,raiva/desgosto
fom crack band estraçalh cabec polít neg culp menin famint cest básic compr relógi suíc,raiva/desgosto
plebiscit desarm    outubr colt precis vitrin pro produt pra mat precis port arma fom numer rasp canivet fac,raiva/desgosto
arm mat loj quent coldr fard fri bot morr    pinheir cálcul     morr parelheir,raiva/desgosto
fac regressã pres ver hipnos crim melhor opçã precoc assaltam aparth hotel boy surub sub cam redond put,raiva/desgosto
legaliz galinh ovos dour coc propin semanal pro sargent arromb lucr pra fábric arma funerár jornal pra polít condomíni guard patrimonial,raiva/desgosto
toxicológ pra admissã sold cert laud manicômi judiciári vid contraditór sab malot cat gerent esper carr fort,raiva/desgosto
sort apresent membr facçã nextel volt brasã promotor médic relatóri rigidez cadavér óbit,raiva/desgosto
aul termin cel fri delegac carnificin chacin ódi motiv fuzil pra fug tom tir civil,raiva/desgosto
lavadeir imigr chor vend filh sangr port giratór refém carboniz exist dou tir mulh,raiva/desgosto
aparec sangüinár noticiári arremess cabec presidiári aviã boy trás fuzil nasc louc selvag pra fuzil garag,raiva/desgosto
adestr pra roub dinheir velh pra encher panel pra carr fum pedr espant put histór normal favel pro esquec seqüel astro linh diret,raiva/desgosto
alun fum crack troc tir gamb denarc negoc comig terror cumpr exigent vítim sent dor,raiva/desgosto
agênc bancár vou tir not gerent colabor miol formatur reg champanh filh vend atir cabec mã,raiva/desgosto
pres técnic fug fur fog vár estilet vou diretor pra frent câm glob cachorr chor ped socorr,raiva/desgosto
dev control inter televisã pra bot fog projac xux faustã sequestr sílvi sant pec resgat ratinh gugu foguet pra mart,raiva/desgosto
personag malhaçã preg diplom pared mat gamb blaz pra cat colet boy diger rap sint gost mort gost pã lix barrac dog,raiva/desgosto
fal pra vac filh cancel ecstasy rod banc som fest rav rap conceb sampl sang trilh pra bisnet don cas,raiva/desgosto
faculdad adestr robocops carr fort compr hip hop dou vid pra cant vers proib nasc pro carimb insolúvel homicídi,raiva/desgosto
extint crim polít diniz diplomat real deix post cabec pendur veloc niñ espalh epidem pentium cas gran argentin,raiva/desgosto
boletim jaz faix gaz   mort barc anti aér perfur cativeir famíl diretor cdp libert quadrilh mund morr,raiva/desgosto
exércit proteg turist fuzil bat punhet prostituiçã infantil   milhõ premiaçã show milhã vid real cifr anual narcotráf nacional,raiva/desgosto
marx brasil escrev livr revoluçã sig saw fog selet boy entend vend cinz filh crem cont paus chup mensag psicograf,raiva/desgosto
pens pra compr diamant pra piranh restaur olha car ensanguent capaz viv migalha,raiva/desgosto
invest colet prov bal ilusã bal teflon atravess coraçã filh disney reformatóri boc autóps velório,raiva/desgosto
chor carr segur pag cat boy sai nasc corr pro cham policial milagr tribunal,raiva/desgosto
cal boc doutor pio mand vac pra put par pivet órfã morumb caixã alça our assin mim,raiva/desgosto
diferent bmw cômod barranc chuv soterr filh pra escol vig detector aul professor,raiva/desgosto
sequestr mat políc adolescent pra mes legist uso grif sapat italian mod etiquet pan,raiva/desgosto
sonh coro diplom bíbl brasil deu can parent vir carnic sang comov invad cobertur abro boy,raiva/desgosto
amarr governant tortur famíl dinheir coro tir mat esperanc deix heranc caix bal pra crianc,raiva/desgosto
entend viss filh esquin cont hotel dand vagin cuzã fic der sort pra necrotério,raiva/desgosto
coloc min terrestr fest menin rac termin mulet pern quer limp polvor retin lembr cest jordan dribl garrincha,raiva/desgosto
cruz tyson diret negr humilh hitl olimpi berlin amor ódi chanc chinês pequim fil tanqu,raiva/desgosto
man fábric defeit gran mã peit   dias noit jog lix pec eva mund,raiva/desgosto
confeccion hug boss kevl polietilen pra     fur abert tempor trill contemporân compr vis afund crânio,raiva/desgosto
adiant agend cirurg espiritual fritz cur corp físic astral aul etiquet pra únic buffet canap miol ric esmag igual pat,raiva/desgosto
estrel dav alvo pro abat tranc bon tatuag vend esquelet complet aceit chequ pra    cemitério,raiva/desgosto
trairag gent tom cad   contag pus armadur gui peit cavaleir afi lanc pra defend rein,raiva/desgosto
fulan morr brinqued camelô enquadr bob´s bic lanch lig crav peit caguet espet churrasc infeliz mort diálog,raiva/desgosto
tátic guerr fator surpres cai mirrag patriot defes clá clá reaçã cad rest plantã rend gamb aposent vend televisã,raiva/desgosto
do cod ditadur    tapet sum pres polít gamb mat inocent pen administr suspensã dias,raiva/desgosto
catacl estel origin planet catacl social origin capet caminhã zon franc manaus peg pers taj mahall,raiva/desgosto
parent interdit rua pneu queim peg    assoc tráfic arma engenh mecân depend açã human brasil dispar acidental seman pra anist internacional políc brasileir execut planet,raiva/desgosto
lev corp pro pra quebr períc residuográf prov atir polic crianc bal perd ritual sacrif seit demoníac menin altam,raiva/desgosto
qsl copon pra missã refin pes faz indol mort políc paulist iorquin,raiva/desgosto
par put breu vix algodã boc ajoelh test bum queim roup deus perdo pra fard podr puniçã lápid,raiva/desgosto
film interrog suspeit denzel washington perd oscar treinament eduard direçã porr dum dum rat saír jurisdiçã vam múm abull jamal esper justic vam degol lampiã mar bonit,raiva/desgosto
covard fuzil     carandirú paisan anda funcional kevin costn guard cost boy vid bic vig fom famíl,raiva/desgosto
corredor açã eco sint cheir fumac rival lig colchã cham barric vej guich cel vir forn cusã cobert molh lut fog,raiva/desgosto
boy ensin cifrã olhos val ment arma químic petról suét confort pro execut algodã colh mã escrav menin,raiva/desgosto
imagin charret camp jordã aproveit estaçã com coraçã segreg social caval árab funeral,raiva/desgosto
atlet metr ras deix língu pra turist enforc sang moed capital selvag deix herdeir mosc lan hous jog count strik,raiva/desgosto
pra put biquín pérol águ doc olfat acostum córreg podr     torc sonh olímp pro brasil mostr pro mund medalh cinism,raiva/desgosto
conquist top montanh cadáv vampir viv sang cálic aprend paláci bankhan construíd lágrim diesel,raiva/desgosto
pelican águ   águ dour glob cop jog telh pro repórt cúpul seguranc mobiliz   cov  batalhõ goe rot garr gat,raiva/desgosto
agent cordã mã dad invasã pra carcereir caixã lat febr peruc fug visit duck saiu fals oficial justic,raiva/desgosto
pro institut butantã venen nociv pres mat diretinh robert marinh real pra   pro document pres reincid,raiva/desgosto
cort luz águ tom gamb chup motim cap isto negoc elit reivindic esper cair inimig acab rebeliã,raiva/desgosto
interpret sonh fuzil automát quis vend drog plástic invand freqüênc coxinh rádi amador col boc cabec isopor pro govern,raiva/desgosto
hom ment capaz dobr garf fug pro exterior famíl empresári prefer cit hendrix maradon garrinch alert favel álcool cocaín,raiva/desgosto
senhor projet hom prêmi inventor gamb esmag rol compressor insiner cultiv pra destru bistur tir bal uti,raiva/desgosto
águ cri jesus andou navi negreir naveg mat cor senzal tortur favel hitl morr guet jud,raiva/desgosto
pra cur aids canc tecnolog pro internaut troc fot pedofil vej soluçã eficaz cas meteór extingu dinossaur,raiva/desgosto
cac ogiv nucl escond lua lag peix   cuzã viatur luv borrach osso sacol plástic cemitéri clandestin cas,raiva/desgosto
vid pass orelh cort rost feit bras fug senzal fic resídu cármic reencarn marc doutor facçã,raiva/desgosto
epicentr tragéd livr aut ajud ensin flor atac bazuc mutil guerr vocaçã pra pinóqui oás sond eletrod antibiót,raiva/desgosto
val ossos sec pis ossos ganh carn tendõ espírit ganh circul aço pneu queim vir arom churrasc human calcin,raiva/desgosto
alguém nóis humild baix cabec revid finj esquec,raiva/desgosto
chov sement cresc plant chov políc encher ônibus bronc fech ment jovens aven,raiva/desgosto
luz prov cre viv ver prescis acel rap caus col vers fog povor favel apavor,raiva/desgosto
mã cabec mã branc armou algem prend mã sonhador mã negr sinfon funk mã rap usam mont blanc,raiva/desgosto
zumb trabalh cort can zon mat pernambucan olorok vend carn ninguém viv bund pret pra ouv,raiva/desgosto
obatal servic pra muit gent levant sac ciment ouv olorum trabalh cobrador ônibus,raiva/desgosto
banh símbol guard mant vou sub rei cês viv cicatriz pra sangr sangr ment milhã livr kunt kint vou quis pra nasc playboy pra entend,raiva/desgosto
fals kleb aran vazi abrac revoluçã tucan hip hop reac doc boc lanc perfum mã mand mund fod nói far lim jã cracolând blas,raiva/desgosto
jesus pol listr corr cort degrad descol post pac cês original favel golden rua mic boy pag drã nóis tom nik,raiva/desgosto
vir lat vil pitbull portã muzzik filh faxineir pass rod cuzã ando mort bols espinh coraçã hien rind rei savan leã,raiva/desgosto
represent ameac democratiz ensin grau deput defend adoçã pen capital vener cardeal diss espírit fet,raiva/desgosto
nenhum marginal fur sinal velh sinal vermelh habitual not hom mij esquin rua sac brilhant lix leblon ouv silênci sorrident paul chacin,raiva/desgosto
cois estranh viv mund invert burocrat pra agir band death not coloc nom pra fud deix fud,raiva/desgosto
libert djang livr revolt chibat favel viv proib proib fal racism mimim cham vitim,raiva/desgosto
inimig venh entrar direçã olho moviment oposiçã continu flu posit cançã tent peg visã,raiva/desgosto
prefir rol beir mar carret louc ouv anderson paak fod barulh incomod pret visã willian waack,raiva/desgosto
tir mat mir alvo cert escrav libert inimig grac port pass sant protetor dand proteçã,raiva/desgosto
favel conden viv luz vel tátic guerr tir lam terr capitã mat sec pra atir erra descobr car deit chã inocent revolt ment favel sent,raiva/desgosto
ódi tom cont muit gent mund pra rua quer bot fog pneu manifest alguém morr chor perd,raiva/desgosto
esculach bomb gás bal borrach manifest violênc deix fer conseqüent bot mulec cas,raiva/desgosto
tir pin gran efeit moral mund apanh igual marginal cheg bop pret bot pra corr seg avu morr,raiva/desgosto
porr bat car dói playboy burguês dói mim program pra mat atir pergunt,raiva/desgosto
padrã clich visã livr dig vid pra ideal ideal ideal ideal comig pass visã,raiva/desgosto
trib inimig exércit fronteir guerr brig quebr ruas ruas vir trincheir tromb cobr olho olho dent dent,raiva/desgosto
gestã chap abaix lanc fac espingard fai mei volt barj europ prostr ide tort rap vou frent tropa,raiva/desgosto
clim tens chanc vou termin tir boc sent ódi diab ajud cri don jat pra chor,raiva/desgosto
deit porr dól brilhant gargantilh segu capítul cartilh pedr jog mar pist pra políc sang cálic vitór preg bíbl,raiva/desgosto
vej descontrol perd razã pap fur manj kamill respeit rim irmã,raiva/desgosto
jeit chap pret transform guet canet pap ret lógic inimig pra test psicológ,raiva/desgosto
sint colet milit ativ mant sonh viv viv cabec sig condut entend gui nenhum filh put,raiva/desgosto
od fácil dig ama desped bush vitór obam molec vest bacan fuzil trincheir osam,raiva/desgosto
tam tom espac sai frent barr fiqu met gent rot objet,raiva/desgosto
transform vist mant combat enxug prant viv cant,raiva/desgosto
orgulh caus espant balanc levant ret diret pra quebr encant,raiva/desgosto
rim açã unir útil agrad escolh vid praz inexplic rim crer pra mim exist esperanc arte marginaliz mudanc,raiva/desgosto
méd deus vend acredit detrit tir son doutor,raiva/desgosto
fundid volt racion usand abus liberdad expressã direit jov negr país entrand mund inform aut conhec denúnc diversã,raiva/desgosto
adiant sonh futur merd esperanc acab túmul país futebol mostr supremac distribu escol leit pra famíl,raiva/desgosto
president vir rua olhe pro rost nel exist pur decepçã oraçõ madrug infeliz,raiva/desgosto
aprendiz livr águ sobr escrav limpez vidr carr morr indigent sol mã gentil pátr podr brasil,raiva/desgosto
lut igualdad melhor mérit aliment pã porr hospital merec tratament ignor cã sarnent,raiva/desgosto
quil magr vend result pur essênc venen víci tir calm cabreirag acel demôni roub alma infern sequestr,raiva/desgosto
coc esquem jog preleçã plan barr our jus music arte cênic mobiliz polic mostr servic pra imprens,raiva/desgosto
abrac don merc beij comerc pra ganh caf coxinh refriger paralel pra rua fech escol capot blaz metralh prefeitur,raiva/desgosto
médic açoug aprend medicin quebr volt bistur barrig chã distant aparelh doest repórt câm acab carboniz,raiva/desgosto
cresc pântan reaçã desastr natural casul surg espéc lamaçal muniçã cbc úter pro embriã geraçã hom bomb fuzil precisã,raiva/desgosto
tórax abert chef políc pra pression coraçã massag cardíac juiz conden guard cost msn famíl escond europa,raiva/desgosto
tecnolog nucl rest protus son cri ogiv rap bomb parasitolog fiz doutor pra enfrent verm verm catalog,raiva/desgosto
ignor vend matér prim pro exterior pra compr car comput rap mid transform mort vid tir eduard sigl quadrilha,raiva/desgosto
quant abrir fog blaz garr banh our gring filh put pro chã rap incit crim bush paul ganh transl corp pro pentágon,raiva/desgosto
difer fabric beb arma vend velóri caix lucr desgrac vej denarq prend vendedor cocain deix livr ferrar mat ping,raiva/desgosto
acalm ligu vizinh voyag pra enfermeir dei àlib caiu lag volt pass kaol oitã flanel pus   tambor esper janel,raiva/desgosto
cheg madrug ped perdã pra mim cusp car tir cair indo pra cad sint put alivi pai troc alcool abre peit tir,raiva/desgosto
barr sai queim barr sai queim,raiva/desgosto
pont cigarr comig danc pont cigarr comig danc,raiva/desgosto
barr sai queim pont cigarr comig danc,raiva/desgosto
diret cachoeir madeir pag rim cheg bat gent brinc palavrinh music morô,raiva/desgosto
bíbl escud manual pra libert sig jorg espad dragã esper justic hom podr ceg quer nobel pro bush promov guerr,raiva/desgosto
mã pres extra roub cosmét lig extorqu cartã telefôn comérci dand audiênc pra novel mosc fofoc bich leã lob,raiva/desgosto
respir aparelh rival enquadr atir mim bar minut jog pimbolim test gravidez der posit min sonh alguém pra compr filh,raiva/desgosto
boc cal tir acert sang defunt chã favel oraçã tia com mendig pern che fer rim ladrã mat playboy vic tom tir gamb boy detent cort pescoc refém alcoólatr bar beb,raiva/desgosto
burgues charm discret peruc cabel bonec burgues sóc country burgues new york compr,raiva/desgosto
cachaçat par rejeitadan barril alambiquet chiliqu bancod brasil,raiva/desgosto
part lut perd lucr sol dur sol diári hereditári hereditário,raiva/desgosto
campanh mostr burr escol repet mau alun nenhum comercial cuzã publicitári expõ vítim trafic,raiva/desgosto
humilh pobr drog boy don plantaçã coc lent foc condutor maranell personal train enderec camp bel,raiva/desgosto
film gamb traz crack pra vend receb div mot dvd govern omiss met are campanh fals result carn envenen cã guard,raiva/desgosto
asfixi gás sai forn pra troc vinh port vic crimin perd tratament clinic choqu distrit,raiva/desgosto
pint eletrocut vou recuper vou entrar    sair     gradu molequ col chafariz incomod nariz,raiva/desgosto
vitrin crim carr our pescoc atra molequ fogã almoc vassour igual pai vou man rua invad condomíni deit filh put,raiva/desgosto
eduard dum dum erick    facçã cant esperanc vend ilusã malot mã vig chã pow pow luz túnel apag,raiva/desgosto
luz túnel apag caixã lacr glock doutor luz túnel apag malot mã vig chã pow pow,raiva/desgosto
fhc peg arma crack pro infern poe bolh colh presenc pro net excluíd invad fazend fac ponh vend entend,raiva/desgosto
dinheir ladrã peg galã gasolin incend crianc sej famíl livr favel bibliotec centr cultural estilet car cel,raiva/desgosto
conden grau maxim faxineir grit assalt pro empresári   manhã esmag bus centr pra grã aliment,raiva/desgosto
projet escol presídi deu     pres result ating sofr vend boy chor cen terror luz túnel pow pow apag,raiva/desgosto
luz túnel apag caixã lacr glock doutor luz túnel apag malot mã vig chã pow pow,raiva/desgosto
chanc vou figur whatmind pass but not this tim,raiva/desgosto
chiquit bacan kát fláv sozinh cam amél vaidos conceiçã ric famos amor urgent,raiva/desgosto
construçã human matér concret deus destró adiant pedr ating dói arte divin quebr toa escorregu fic lod pra alguém escorreg,raiva/desgosto
morr cont cor sobrenom comum artist câo fal amor fech nois dor,raiva/desgosto
delaçã premi peg caguet fic solt cusp car impun constrang ped vot,raiva/desgosto
cont contig fechament comig traír vagabund consp coloc bol fabric ment advog tir,raiva/desgosto
prepar sepultur cas otári fing inocent cas cai contrári tentaçõ multiplic dev pobrez precis marginal rang mes,raiva/desgosto
fal sotaqu pra oferec chiclet bal bombom refr chocolat bagulh doidã neg abort missã maldit dinheir mã,raiva/desgosto
irmã mud opiniã quer malandr bundã viv vid real real vid comig leal ativ pis cabec traír desorient perd ment,raiva/desgosto
fals baian entra samb ninguém incomod ninguém bat palm ninguém abre rod ninguém grit ôba salv bah senhor,raiva/desgosto
fals limp carteir maneir pag despes belez deix queix gueix amor ros,raiva/desgosto
crim crem bot car mist qual man vacil vir munr crim crem bot car mist qual man vacil vir munr,raiva/desgosto
ru che gent procur compr vend cois import infern fic seman,raiva/desgosto
inimig repressã desinform domíni caminh pra revoluçã voz voz deus cas caixot feir problem filh motel ganh troc,raiva/desgosto
pra tom uzi morr adiant milhõ açã colet objet comum discurs revólv interess opçã uniã imposs revoluçã,raiva/desgosto
felic zen ninguém tom ninguém doa ped ninguém,raiva/desgosto
fom raiv homem hom hom raiv fom,raiva/desgosto
fom gent com lev vid arte,raiva/desgosto
gent tort igual garrinch aleijadinh ninguém precis consert der cert gent vir sozinh decert,raiva/desgosto
gent tort igual garrinch aleijadinh ninguém precis consert der cert gent vir sozinh decert,raiva/desgosto
gent tort igual garrinch aleijadinh ninguém precis consert der cert gent vir sozinh decert,raiva/desgosto
gent explod campeã fod eleiçã gent perd cop aprend eleg honest competent,raiva/desgosto
gent gent prend banheir nào deix terreir pra incomod criancinh gost brinc sozinh,raiva/desgosto
gent pra mod chat zulm zulm tranc banheir deix terreir pra incomod,raiva/desgosto
gent com gent com amor gent com gent praz pra alivi dor,raiva/desgosto
gent com gent beb diversã bal gent com gent vid vid,raiva/desgosto
gent com gent com diversã arte gent com gent saíd,raiva/desgosto
gent dinheir gent dinheir felic gent dinheir gent inteir metad,raiva/desgosto
arm branc pra circunst arma mã adult arma mã crianc vár vár diversific arma ment engatilh,raiva/desgosto
despert instint psic mat cri calibr cri guerr cri diferenc habit terr imens diferenc social,raiva/desgosto
justic criminal implac tir liberdad famíl moral carcerári cham presidiário,raiva/desgosto
confi políc rac caralh acham bal calc chut car cosp mim sangr mort abrac seguranc,raiva/desgosto
daqu vej rotin jorr sang     cilindr garag trafic ladrã suced cerc vagabund ten fud pag venen chuv,raiva/desgosto
mund pericul venen incentiv descarreg tir morr corr atras fam status band desfil piranh carr convercivel,raiva/desgosto
segu livr maldit sonh seleçã inspir forag glock aviã mansã exig govern sal empresari cag joelh,raiva/desgosto
falt tratament loc volt atrav futur inexistent revolt segu mod ping esperanc vist mort lembranc,raiva/desgosto
lut racial lut social ninguém espant guerr sant,raiva/desgosto
madam assust favel deu entre camis pistol fre jazz pra duv apolog crim paz,raiva/desgosto
roup branc pens ped paz justic utop guerr inevit pra viv desfavor,raiva/desgosto
sufoc amonto morr popul revolt grit socorr armament form descas arrog par,raiva/desgosto
mã destin ded lábi fin algem prend rei,raiva/desgosto
mã toc violã precis guerr mat mund fer terr voz cant cançã precis cant hin,raiva/desgosto
opiniã mulh cas irmã hom,raiva/desgosto
assimil danc pornograf influênc sobrinh tia frent espelh imit coreograf incentiv brutal pedofil,raiva/desgosto
mim pens hom nenhum mund paciênc hom nenhum pai mã ciênc entend pár pens,raiva/desgosto
histór igual jov desc nort sul viv rua fic desnort comum fic desapont comum fic apaixon violent,raiva/desgosto
histór igual jov desc nort sul viv rua fic desnort comum fic desapont comum fic apaixon violent,raiva/desgosto
perd esquerd import censur cort,raiva/desgosto
pont pra tun pra cohab advent vil arapu fal pra voc,tristeza
fic quas escur ilumin letr palavr hotel escrit neon,tristeza
disfarc barrig ris fantas fing olhos sol,tristeza
desampar exíli estrad vaz reverber voz vid puls vid puls,tristeza
fac ocult lua aparec águ brej vitór rég ausênc total desej jói jad luz lâminaanimal espelh reflet retém,tristeza
garot bauru sanduích garot bauru personag trist,tristeza
ler destin mud sort lucidez desatin ler destin mud sort,tristeza
esmag voz razã sens unísson ensurdecedor,tristeza
rolardeix pra voltardeix sangr doerdeix,tristeza
olh ache caval marinh pra esquec deix onda acert vent lev,tristeza
mat filh,tristeza
ninguém desaparec,tristeza
par dói,tristeza
paul acord pens futur ilusã pret olha sofr invej mat muit gent ruim,tristeza
mã fal durm amor senhor cab saturn dinheir pergunt don ana mim hom put,tristeza
telefon precis beb algum rapidamente…,tristeza
sonh sang amér sul forc destin tang argentin melhor blu,tristeza
anj paz descobert amizad,tristeza
¡tchau rad vou salt fácil car eufor depressã muit flor pedr mã,tristeza
man quer víd gam present ganh can crianc perif,tristeza
entend belez traz entend belez amor trag olhos volt pra mim,tristeza
olh saudad trag amor olhos silênci esper alguém,tristeza
amor pra mim negóci saudad feit pra mim,tristeza
vid pass descontent som prisã grilhã dur lástim sofr sent,tristeza
sucess lam pertenc loucur pobr fic sort pret chanc morr acostum enfrent,tristeza
qu contig permit ouv voz desconhec,tristeza
cont pra mim trist fiqu trist mund felic exist,tristeza
enxug lágrim par chor pass sorr alguém cont pra mim trist,tristeza
olh vam sair prá sorr enxug lágrim chor,tristeza
olh céu azul azul esquec pens felic cançã cant pra mim trist,tristeza
quer cab coraçã sofr mat mat fer,tristeza
vej sonh saudad amar pass pass quer cab coraçã sofr mat mat fer,tristeza
faz admit lament,tristeza
part trist trist trist saudos saudos,tristeza
pobr mim sab olhar sedutor errav pont pedr pastor not usad fad,tristeza
viverviv mund vivermund viverviv mund,tristeza
exist solidã pior castig cont pra relógi comig,tristeza
lanc pés prostr ante bálsam senhor cur grac perdã,tristeza
sofr amor,tristeza
idad troc mã pés,tristeza
divid sep divid sep,tristeza
pivet favel problem viv desacredit estud esquem merd álcool sonh mont carr import,tristeza
julg corromp alien revolt fracass pint quadr quadr film vid quadr vid viv esquec,tristeza
favel ocup seman viv clim tensã tent esquec conseg lembr sang chã comun assust retorn lagrim sec ment prep corp covard,tristeza
pôr sol torn impossivel mur mansã mur presidi pra ameniz program educ really show strip teas vad,tristeza
hom imit chaplin cinem mud cen chut glob mund civiliz paz chamin cinz human nev satanás,tristeza
nord precis juiz pra adoçã mã filh pacot macarrã pra jov europ mort put par morr     voz brasil,tristeza
lágrim berçari crianc nasc ceg mã fum crack sequel carr alegór aven perd belez passist samb empres,tristeza
cultur mod yves saint laurent pra client táx aér tam vist necrotéri parent costur histór trist mort peix dour,tristeza
quant drumond mac alumíni selv canibal pobr prat rodízi voa jat mosc sang extra proteín substânc proib doping sai urin,tristeza
hom sapien ultrapass macac entend paz mund igualitári ninguém corcel alto falant don cas pamonh fresquinha,tristeza
cit plastif jornal assalt prêmi crim lembr ladrã fin compor horror stephen king realiz quer cont feliz monteir lobat prov filantrop hip hop mass model míd,tristeza
deus gêni deus louc estrel hom instint monstr deu letr rap perfeit cri pra aprec músic classic,tristeza
futur cat fronti colun pra tret bolív cant pra andar carr projet dvd patent favel,tristeza
sensaçã mex ded pern amput tir abaix joelh assist telefuken madeir pret branc cham lar   tapum barranc,tristeza
índi infern constantin lut amor igual patrin mã águ caymm sec mágo redefin vid amarg sublim,tristeza
comun morr ciment cas frid dieg morr dinheir vei entup mort viv,tristeza
sobr pra poem acho val pen vid altern vid cen novel cer cel,tristeza
lut dias melhor prisioneir fort acredit mud sort pra jog comov,tristeza
lembr luz vel pens alto igual pip céu favel gps celul volt vou busc,tristeza
brac gord mat tio chapéu carecedor cosp silab véu molequ expost cru passarinh acu cascav vicio,tristeza
and repent vej estend barranc estrad pobr cachorr perig rot esfarrap parec acab cheg guerr,tristeza
caminh trist direçã pensament voam tir pés chã,tristeza
vid asper ningu morr vesp eticet eticet ser ser deus deus dar,tristeza
rol vmax gol chandon mã pobr mã nordestin ensin mã trás neguinh senhor,tristeza
mã tyson ódi nocaut mã usam esmalt mã apont mã delat mã mã tremul mat,tristeza
gent danc bic garrafinh odé trabalh seguranc peg ladrã respeit ganh pã tiçã amac honest,tristeza
trans infernal trânsit ossaim sonh amor pra ganh pass prac turbulent pelô sex oral anal,tristeza
ouv rainh quel rainh quel limp foss banheir bong bung lam,tristeza
amig perd ente quer procur deus dig amém boc fech camis car deu pedr car tav baix porr aceit rol morr chor,tristeza
tir barric pist liber acontec multidã cal pra val acontec favel abal ninguém ped ajud pra falt alguém rest chor lament famíl,tristeza
ladrõ mulat quas branc trat pret pra mostr quas pret quas pret,tristeza
quas branc pobr pret pret pobr mulat quas branc quas pret pobr trat import olhos mund inteir,tristeza
gent gent entend usam violênc corp estend chã poc sang conseqüent desprepar seguranc ganh aument bravur termin matanc,tristeza
complic revist mulat fard acha pret favel retrat fal covard ate,tristeza
trabalh trafic deit chã ger revolt cabec comun marginaliz sociedad cal escond condomíni favel imper lei genocídio,tristeza
som paz formul lig rapaz nois nois arrum tim desun ata,tristeza
tabu cair terr trem viv fom com man perif tir laz estud carr empreg praz,tristeza
min trat respeit descrimin guet jeit funçã concienc bleck rap,tristeza
card mort impress negrit ouc pass vej vult espírit,tristeza
ratat ratat sang escorr filh chor bum mã,tristeza
ratat ratat sang escorr filh chor bum mã,tristeza
primav vid bonit viv depress sol brilh segu chov mim janeir fri rach mund inteir uniu tram,tristeza
quebr enverg arreg fic lig entram frent,tristeza
lig rap olho gord conseg enxerg desun tam fud ninguém prosp vej falsidad ali egoísm fugit colet individual,tristeza
deus apert gatilh termin mort únic clinic pro vicio,tristeza
gat cam telh bot gran,tristeza
admit motiv pra viv alguém,tristeza
refrã trist pierrot amad mestr sal desacompanh bufã salã cant,tristeza
cant depend pra mud adiant,tristeza
abandon timbr pardacent jeit fech mói sentiment,tristeza
ment criminal criaçã destin marginal neguin vist menin elev moral quebr curt rim,tristeza
rim pra negat enfraquec coraçã gel aquec pra algum acontec pra vid inteir fortalec,tristeza
pra mim biográf pra cinematográf barrac bairr problemát put bat dinheir ráp sair burac narcotráf,tristeza
rapaz gravador lig lig ideal disconvers falt engan putz grav man,tristeza
pens dispens reflet nóis melhor nóis quer par grit west coastreal natural igual cabel crespo,tristeza
sent saudad futur metad futur pass lev car,tristeza
feit amig gent sonh feit vid feit amor vers menin escrev tant,tristeza
desculp erro caligraf lembranc filh brilh capital estrel internacional filh capital estrel internacional,tristeza
pro mand econom lembranc filh brilh capital estrel internacional filh capital estrel internacional,tristeza
precis sincer rug mã linh test idad preocup calminha,tristeza
palavr linh fras oraçã rez prec perd seih,tristeza
qu alguém perd cidad quis conhec conhec,tristeza
seman pisc luz videocasset    outon pass exist,tristeza
molambeir vid trat cacet mor esquec pont,tristeza
desempreg cheg aug misér traz fom prat vazi ger revolt result mort refém cativeir vid perig playboy sepult cemitéri clandestin,tristeza
deu mágo vitór bas doaçã cest básic construçã parqu ecológ parqu aquát evit assinatur óbit,tristeza
manhã esper jant gel ouv histór bob improvis pra sorr solidã alta carinh,tristeza
dê empreg pra     seguranc tern pret modern visã panorâm fug nav mã comunitár sorr tel real deform car,tristeza
cert igual maquin flip esquin vid liqu desped cheg atras grev motor assassin,tristeza
jovens perif antecedent crimin sofr violênc policial mort políc   negr univers brasileir alun negr jov negr morr violent paul fal prim pret sobrevivent,tristeza
acord pra pro tramp precent ruim clim pes estranh tchau mã cat bols marmit pai chã cozinh pass,tristeza
fic doent parec sonh hospital fal alcool anon bast receb alta grav pra pro balcã encher conhaqu,tristeza
chegu feliz tramp abrir port sof coro quas mort pra cat dinheir luz bat tijol burac test trint,tristeza
águ font brot olhos intens chor seg rum par,tristeza
segu leit águ mar tend águ font mostr erros aceit,tristeza
alm cans aflit jesus sab condiçã pobr coraçã,tristeza
andorinh voa veloz voa voz andorinh cançã fiz andorinh voa feliz forc mã sozinh verã,tristeza
árvor curv vent fort dur folh procur sol cham norm doc ilusã doc ilusã,tristeza
auror cheg ninguém boc receb esperanc manhã possív moed enxam devor recém nasc,tristeza
auror lorqu gem vast escad busc arest angúst indefin,tristeza
babilôn cinz neon melhor amig sid som carm lembr armagedon ore busc vid ultrassom ache,tristeza
cidad alde mort desafi nonsens competiçã ninguém venc pens formigueir vir cois cabec vir degraus,tristeza
bandeir tricolor sac frent mar cac caçador saind pra jant fil cinem sul nort terr fog águ fic,tristeza
ilud barat detefon mat acostum baygon,tristeza
barulheir ruas sepult luz cidad bairr cambal inson saíd naufrági sang,tristeza
bat suing perif ring fals atir gent cheg suing rim gent prolifer,tristeza
belez infinit coraçã estravilh olhos enxerg press amor,tristeza
blockbust alug dvd pra donalds big mac pra design ford desenh pra hop har brinc,tristeza
pro enderec loj copagaz entreg cart cheg patrã empreg sonh jant pot margarin serv caf cop mass tomat pra visit,tristeza
mã ouv gil gom rádi sonh vítim farmác popul fom bols famíl destin setor traumatolog,tristeza
boc cal tir acert sang defunt chã favel oraçã tia com mendig pern che fer,tristeza
boi sec enxurr sec trovo sec enxad sec,tristeza
bras ferr lavr pel lavr alma caminh cruz recus olorum grit corrent voz feitor receb lament acolh revolt negr senhor,tristeza
burgues fed burgues fic ric burgues hav poes,tristeza
burgues rep dor vendedor chiclet burgues olha pra burgues olha pra burgues guerr,tristeza
burgues acab barr afund barc chei crianc dorm tranqüil dorm tranqüil,tristeza
cabr contorc dor cur chul,tristeza
cabr estremec dor bod arrepend ped desculp,tristeza
cen pared mud cor quas escur luz aparelh televisor espelh retrovisor futur dur pen apag televisã,tristeza
corp caixã lat hom prisã anunc contag regress extinçã,tristeza
troc ros blindag guerrilh coloc gaiol nasc perif selv,tristeza
desej incont invad cançã crepuscul estaçã amor correspond,tristeza
cam fri sint calor esquec esquec amor,tristeza
formaçã acadêm entend metamorfos crianc éter amanhã ladrã deus mat filh polít overdos pra orar pro senhor ped mort,tristeza
cançã lament amor chor sofr perd paz cançã,tristeza
sonh justic molequ troc tir políc peg boy arranc dent sonh videogam tom   enterr indigent,tristeza
céu fog fest junin favel quer cocaín sold tráfic carboniz rotineir paisag futur crianc cabec ident,tristeza
ti filh cri afet chã uti sonh médic mij cag feriment tir inflam grit socorr pro enfermeir implor pra medic,tristeza
país caralh deix carr tên com salári nasc pra pass fom mã pared pra sonh suced merced,tristeza
quant transform carnic mat decapit puls algem tortur real papel gram migalh desfigur ambul,tristeza
ninguém quer mat gerent banc flet proporcion pânic cans cheir esgot barrac marg rio bói rat mort,tristeza
pro arquitet juiz empresári tio vend bal pass catrac trafic descarreg rifl fao put motel faz sex oral,tristeza
casc azed quebr onda estranh amor invad sorr,tristeza
puls pár pra pens espalh chã jeit ceg enxerg sang mã,tristeza
cés cés impressã mulequ press man funk louc onda man parceirinh vir ladrã malandr malandr vár fit bezerr tav tend malandr rif pap gír grif cristian dior sam coq sportif gshock calc pizz fiz,tristeza
chuv cai chor amor céu chã red lev,tristeza
chuv cai cai molh sol sagr lav rost humild irmã calej aprendiz ensin valent palavr clar ment,tristeza
amor mud sabedor acalm febr atir vej sent guerr coraçã batalh etern,tristeza
quebr revolt irmã aliment vers trist escond direçã quer lembr fiz mulequ chor show feliz,tristeza
emocion viu amizad blind ladrã roub jeit sabedor pra aprend modif quebr elo fort gent precis motiv pra sonh cheg chor sol brilh,tristeza
chuv saudad vent sopr chor distant,tristeza
chuv golp pedra‚ golp coraçã chuv imagin heró divert lembr preguic ode mistéri possuím desej imagin,tristeza
cidad enlouquec sonh tort enlouquec calm vicios praz,tristeza
cidad enlouquec sonh tort enlouquec calm vicios praz,tristeza
cidad enlouquec sonh tort pesso enlouquec calm vicios praz,tristeza
expressã angúst depressã pressent indefinivel,tristeza
com mes vas jasmim corp amad enterr jardim,tristeza
corrent rio lev flor dorm zomb amor,tristeza
barranceir rio ingá debruc frut madura corrent lev corrent lev,tristeza
corrent lev chov seman amor barr fic marc boi pass,tristeza
corrent rio lev flor dorm zomb amor zomb amor,tristeza
corrupçã permit atroc ultrap limit elit evit afrogenocidi exist,tristeza
palc pupit usand voz brasil corrupt impun fal alto homens pret sob morr pra defend asfalt,tristeza
impotent assist tragéd desnivel favel class méd trat guett áfric distanc cheg geográf,tristeza
danc mort ninguém frequent cruz distânc,tristeza
deus entregu barc entre mar pra navegu,tristeza
patricinh mocinh cozinh vid dur fuinha,tristeza
dor paixã explic defin sent mist sofr peit coraçã,tristeza
dor pra cur receit corcund deit achar sent saudad fund cop encontr moral,tristeza
dor cur lástim sor gost lágrim flor cheir mort dor fech cort,tristeza
drog batiz sang financ armas bang bang,tristeza
energ atôm mat cur cânc mã derram sang escrev romanc paz brot jardim câm sensor espetácul circ horror,tristeza
escass produçã alarm patrã galinh sér jam tir fér velh perdô fic granj canj,tristeza
escolh viv press pens plan cel amig distant moral pres ache morr,tristeza
quantidad tir ating pra mim tav acab corp caiu chã esper samu pens conselh deu fud martel bat,tristeza
mínim bot car madrug acab bail acab farr acab ostent delig marr vir bol rasteir,tristeza
esp algum descu cuid goz paz homens sufoc,tristeza
esp fil imens corp negr esquec san vicent cidad luz,tristeza
esp fil imens corp negr esquec san vicent cidad luz,tristeza
esp fil imens corp negr esquec san vicent mulh homens,tristeza
esperanc fic imposs trafic drog melhor carg vid baix pobrez objet dinheir import aceit,tristeza
delegac ocorrent averigü tátic móvel maldad vid baix opçõ fod real acontec ver pra,tristeza
dificuldad muit tramp resolv altern ped met revólv aconselh morr fom pior reconhec honest melhor,tristeza
questõ igu aparec crer decisã cert errad vid baix infern,tristeza
estr long cem quilômetr chã esper distânc perdã,tristeza
estr pra jog indecent junt consegu coincident pintor rua anda desenh maluquic lençol pés céu rach negr amor,tristeza
estr pra jog indecent junt consegu coincident pintor rua anda desenh maluquic lençol pés céu rach negr amor,tristeza
estr vaz instaur desert vid insinu descobert puls vei vísc terr chã,tristeza
estr vid puls secreçã hal vid exal pequen mort sex asces acas sort necess desej esperanc perd,tristeza
explod vid sang suor esperm algum instant desert habit,tristeza
estrof derradeir merencór revel histór amor perd lua rond natur,tristeza
solidár tristez nuvens escond cantor fal lua histór igual,tristeza
amor fug diss ais convuls soluc estrof repet,tristeza
etern cicatriz quas feliz barr amor ermo barr mort term,tristeza
perspect possibil escolh melhor pra vid ger revolt cabec comun marginaliz sociedad,tristeza
perspect possibil escolh melhor pra vid ger revolt cabec comun marginaliz sociedad cal escond condomíni lei favel imper genocídio,tristeza
olh pens saudad mat,tristeza
famíl necessári polít necessári necessári necessário,tristeza
favel senzal corrent velh trib sal cel prisioneir grad víd sol nasc quadr gent pag gent pag gent pag gent pag,tristeza
flech pass rent cantor implor bis car ment fei miss gaivot voand céu letr fiz solidã pra feliz,tristeza
fom continental misér nort traz fom mort fom paz,tristeza
fragil vid viv razã explic entend encar clar escond,tristeza
gel solidã dás coraçã vid mort lucidez desatin,tristeza
gent ama escrit coraçã pirrac perd grac,tristeza
gent ama car fic chor escond perd amor jog azar,tristeza
gent pens compreend distingu alma escuridã arrisc pens pra decifr,tristeza
gent pens compreend distingu alma escuridã arrisc pens pra decifr,tristeza
arrebent tant moment hom vag lut percorr,tristeza
gent brig brig pens sofr termin,tristeza
gent peg gent entreg gent morr ninguém sofr formos mulh,tristeza
gent pod convers inteir pod deix luz aces inteir esquec tir cabec merec atença,tristeza
gent quas quer lembr notic deu vontad volt,tristeza
gent acostum gent habitu dorm rua gent habitu,tristeza
gent sent acab encant paixã sum sentiment coraçã descobr med cont amor mim acab fing sent amar,tristeza
gent esperanc viv gent cant sofr fiz samb perd diz ninguém senã,tristeza
gent resist volt barc sent deix cumpr,tristeza
gent cultiv lind roseir eis cheg rod viv carreg roseir pra,tristeza
gent igual pingent fic quent cab sent vid servent rent pent corr frenét dig,tristeza
pra evit fadig xing preguic lig vaaaaa are ciment maaaa desdobr jã disposiçã sobr bundã cobr patrã cobr,tristeza
ging comadr acontec cop embriag,tristeza
hom violent violent agressã social mat sentiment favel human cri defes,tristeza
índi negr quadr social igual discrimin acredit mort sociedad fantoch pobr sábi humild excluíd vier afast extrem lest sobrevivent violênc urban,tristeza
hipocris homens nasc revolt class pobr sombr maldad negr vent sopr cabel trist,tristeza
pur verd olhos pod unir arrog atrapalh ingenu ceg juventud pass ros morr amar,tristeza
histór negr diferent palavr pra sent,tristeza
histór carr alegr chei content atropel indiferent neg,tristeza
histór carr alegr chei content atropel indiferent neg,tristeza
human desuman chanc sol nasc pra,tristeza
insensatez coraçã cuid chor dor amor,tristeza
amor delic frac desalm coraçã amou merec amad,tristeza
inteligent film tráfic sac trint chacin gramp ameac orelhã comunitári morador depor fin,tristeza
lagrim escorr rost madrug entristec sobr infeliz vid rival mordom destac lux condiçã precár tio viadut,tristeza
vid continu sent dor realidad ausenc machuc mã sint saudad pass tenebr inocenc sorris cheg filh,tristeza
lágrim escorr peit direit alguém pec pra pens traz olhar fac convém pec pra pens traz olhar fac convém,tristeza
lágrim rol olhar trist mort cheir cor sang lágrim sang viatur aproxim comec desesper lágrim sang vou sobr fic inteir,tristeza
portug esquec destin fad portug esquec destin fad,tristeza
linh ocup sinal demor abrir carr enguic chor sorr,tristeza
louc escorreg lençó cheg sonh amant rouc regal bemó troc brilhant,tristeza
louc esperanc irmã caind danc vid cant venc escravidã,tristeza
abol paz aboliçã paz ced paz conquist,tristeza
lu part cant paisag cruel cidad long favel arranh céus,tristeza
luz bat rost sol quent sent queim plant gent nasc algum fiz pra respost sol montanh vent mar,tristeza
luz lua beir rio voz vent pass long silênci diz saudad,tristeza
luz cabar apag mim tang vitrol cheg envelhec lembr chor,tristeza
luz fad seg corr guitarr cant voz cans diz solidã saudad,tristeza
luz morr céu perd cor anoitec amor,tristeza
luz morr céu perd cor anoitec amor amor,tristeza
luz negr destin cruel ilumin teatr cor represent papel palhac amor,tristeza
acas decid pec demor mim viv chor saudad pens olhar,tristeza
mã pra algum luz sol incomod deix cortin fech televisã deix burr burr viv jaul junt anim,tristeza
mã mantém arrum falec roup dobr fot viv ninguém morr coraçã inquilin coro flor fras sent,tristeza
mágo pra destin amarg coraçã descans perdo,tristeza
besteir fiz deix passarinh escap gaiol volt livr pra voar,tristeza
trist naçã époc podr compõ possív grup linchador,tristeza
manhã aparec jorn edit branc págin assunt cultur trânsit estanc,tristeza
mã segur martel mã deus crav fer corpo,tristeza
mã toc violã precis guerr mat mund fer terr voz cant cançã,tristeza
precis cant hin louv mort viol enluar sertã espad,tristeza
melhor esquec melhor cur víci início,tristeza
melhor escolh prov gost melhor chor cobr rost,tristeza
evit rug olhar espelh esvazi revólv pux gatilh,tristeza
melhor escond lágrim escuridã melhor enxerg escur mã,tristeza
id chã tropec acha soluçã acab dor tom analgés,tristeza
mat saudad olhar pra trás melhor mant jov escond idad melhor fug veloc idé chã,tristeza
ment don razã brig matern cheg salomã,tristeza
razã metad cort facã vend ment chor ped piedad razã,tristeza
ment doenc cobic falsidad misér injustic realidad govern desprez desigualdad menin menin ruas cidad,tristeza
ment acredit cas disfarc palpit pra enfeitic,tristeza
confus sinistr caus misér jur amor crist superior respeit gay idos pobr pret,tristeza
minhalm vend ninguém compr quis pag,tristeza
alm chor prant vaz fiqu companh,tristeza
histór termin deus conhec melhor pra mim cant chor lágrim voz soar,tristeza
histór termin deus conhec melhor pra mim cant chor lágrim,tristeza
sonh acontec alma sofr diz iri acab mim ninguém mat,tristeza
histór termin deus conhec melhor pra mim cant chor lágrim voz soar,tristeza
histór termin deus conhec melhor pra mim cant chor lágrim voz soar ire cant ire cant,tristeza
músic traz mensag chantag guerr fri fal ideolog vim fal,tristeza
gost vermelh verd amarel camar companheir amig,tristeza
pior contig mim golp armad coraçã,tristeza
dor vid inteir transform enorm agit termin mandat,tristeza
cass deport pra amad amor,tristeza
morr laialai amad amor morr,tristeza
tristez feit angúst tristez feit angúst surpres surpres feit fat,tristeza
sang olhos lam sapat fortal fortal silênci infam bast ret derram repres,tristeza
vid trist esper solidã soub jur cas,tristeza
cor motiv vergonh cor motiv vergonh irma cor motiv vergonh vergonh lut acomod,tristeza
cor motiv vergonh cor motiv vergonh irmã cor motiv vergonh vergonh lut acomod,tristeza
misér favel injustic social trafic vir espelh crianc marginal,tristeza
moedinh prat val cobr moedinh prat val cobr,tristeza
